{
  "project_info": {
    "project_number": "379441210223",
    "project_id": "serplus-food-redistibut-h3c9y3",
    "storage_bucket": "serplus-food-redistibut-h3c9y3.firebasestorage.app"
  },
  "client": [
    {
      "client_info": {
        "mobilesdk_app_id": "1:379441210223:android:dda7b0276a845ec9c63e9a",
        "android_client_info": {
          "package_name": "com.mycompany.serplusfoodredistibutionapp"
        }
      },
      "oauth_client": [
        {
          "client_id": "379441210223-74eosjlb604kqt7pbjo20qqvja1nm99v.apps.googleusercontent.com",
          "client_type": 1,
          "android_info": {
            "package_name": "com.mycompany.serplusfoodredistibutionapp",
            "certificate_hash": "9bbb3186b2189ef16d8f272bdab59362c395cbb4"
          }
        },
        {
          "client_id": "379441210223-gmtshc8sqmld1hvq0olhbj9rebo5soj6.apps.googleusercontent.com",
          "client_type": 3
        }
      ],
      "api_key": [
        {
          "current_key": "AIzaSyBRSPCB4MxxlAYODUSC8Dlsel83dFiDf5I"
        }
      ],
      "services": {
        "appinvite_service": {
          "other_platform_oauth_client": [
            {
              "client_id": "379441210223-gmtshc8sqmld1hvq0olhbj9rebo5soj6.apps.googleusercontent.com",
              "client_type": 3
            },
            {
              "client_id": "379441210223-3t6u9bpr1jh51tduhe0js9nlbfvnk1r7.apps.googleusercontent.com",
              "client_type": 2,
              "ios_info": {
                "bundle_id": "com.mycompany.serplusfoodredistibutionapp"
              }
            }
          ]
        }
      }
    }
  ],
  "configuration_version": "1"
}